district,literacy_rate_7plus,sex_ratio,electricity_coverage
Bagerhat,74.96,98.97,98.97
Bandarban,63.74,105.47,88.77
Barguna,80.65,95.93,99.25
Barishal,79.85,95.48,99.5
Bhola,67.3,96.03,98.7
Bogura,73.68,98.06,99.22
Brahmanbaria,72.12,87,99.68
Chandpur,78.23,87.42,99.64
Chapainawabganj,70.61,99.17,98.04
Chattogram,81.06,99.37,99.45
Chuadanga,75.62,97.01,99.43
Cox's Bazar,71.58,103.32,96.6
Cumilla,76.68,87.58,99.75
Dhaka,79.96,115.6,99.91
Dinajpur,75.74,98.57,99
Faridpur,72.93,94.43,99.54
Feni,79.05,89.87,99.76
Gaibandha,66.4,98.05,98.66
Gazipur,81.15,108.35,99.88
Gopalganj,76.81,95.96,99.65
Habiganj,69.44,94.16,98.87
Jamalpur,68.56,94.76,99.17
Jashore,77.11,98.24,99.6
Jhalokati,83.21,91.91,98.96
Jhenaidah,75.55,98.6,99.69
Joypurhat,76.61,98.56,99.04
Khagrachhari,66.14,100.27,91.97
Khulna,80.74,100.86,99.41
Kishoreganj,70.43,92.82,99.33
Kurigram,64.26,97.88,98.73
Kushtia,77.18,96.54,99.62
Lakshmipur,74.54,89.1,99.21
Lalmonirhat,70.51,98.75,97.54
Madaripur,74.63,90.93,99.77
Magura,75.88,97.13,99.54
Manikganj,74.64,93.29,99.55
Meherpur,74.67,93.12,99.5
Moulvibazar,75.85,92.57,97.95
Munshiganj,79.56,94.22,99.81
Mymensingh,70.96,96.69,99.34
Naogaon,71.99,98.52,99.27
Narail,76.81,94.7,99.3
Narayanganj,81.97,106.54,99.91
Narsingdi,77.65,96.04,99.79
Natore,72.44,98.18,99.25
Netrokona,67.49,96.17,99.22
Nilphamari,68.77,98.67,98.96
Noakhali,75.26,91.39,98.52
Pabna,75.34,97.37,99.59
Panchagarh,72.98,100.05,98.97
Patuakhali,76.7,95.42,99.35
Pirojpur,85.53,94.71,99.19
Rajbari,75.01,95.8,99.39
Rajshahi,75.47,98.49,99.3
Rangamati,71.41,106,92.27
Rangpur,70.27,98.96,99.04
Satkhira,75.08,99.15,99.43
Shariatpur,70.61,92.35,99.62
Sherpur,68.59,95.27,99.16
Sirajganj,70.95,98.83,99.48
Sunamganj,64.92,96.43,98.71
Sylhet,76.43,96.74,99.27
Tangail,75.73,93.04,99.39
Thakurgaon,74.38,100.48,99.03
