district,electricity_coverage
Barguna,99.25
Barishal,99.5
Bhola,98.7
Jhalokati,98.96
Patuakhali,99.35
Pirojpur,99.19
Bandarban,88.77
Brahmanbaria,99.68
Chandpur,99.64
Chattogram,99.45
Cumilla,99.75
Cox's Bazar,96.6
Feni,99.76
Khagrachhari,91.97
Lakshmipur,99.21
Noakhali,98.52
Rangamati,92.27
Dhaka,99.91
Faridpur,99.54
Gazipur,99.88
Gopalganj,99.65
Kishoreganj,99.33
Madaripur,99.77
Manikganj,99.55
Munshiganj,99.81
Narayanganj,99.91
Narsingdi,99.79
Rajbari,99.39
Shariatpur,99.62
Tangail,99.39
Bagerhat,98.97
Chuadanga,99.43
Jashore,99.6
Jhenaidah,99.69
Khulna,99.41
Kushtia,99.62
Magura,99.54
Meherpur,99.5
Narail,99.3
Satkhira,99.43
Jamalpur,99.17
Mymensingh,99.34
Netrokona,99.22
Sherpur,99.16
Bogura,99.22
Joypurhat,99.04
Naogaon,99.27
Natore,99.25
Chapainawabganj,98.04
Pabna,99.59
Rajshahi,99.3
Sirajganj,99.48
Dinajpur,99
Gaibandha,98.66
Kurigram,98.73
Lalmonirhat,97.54
Nilphamari,98.96
Panchagarh,98.97
Rangpur,99.04
Thakurgaon,99.03
Habiganj,98.87
Moulvibazar,97.95
Sunamganj,98.71
Sylhet,99.27
