district,sex_ratio
Barguna,95.93
Barishal,95.48
Bhola,96.03
Jhalokati,91.91
Patuakhali,95.42
Pirojpur,94.71
Bandarban,105.47
Brahmanbaria,87
Chandpur,87.42
Chattogram,99.37
Cumilla,87.58
Cox's Bazar,103.32
Feni,89.87
Khagrachhari,100.27
Lakshmipur,89.1
Noakhali,91.39
Rangamati,106
Dhaka,115.6
Faridpur,94.43
Gazipur,108.35
Gopalganj,95.96
Kishoreganj,92.82
Madaripur,90.93
Manikganj,93.29
Munshiganj,94.22
Narayanganj,106.54
Narsingdi,96.04
Rajbari,95.8
Shariatpur,92.35
Tangail,93.04
Bagerhat,98.97
Chuadanga,97.01
Jashore,98.24
Jhenaidah,98.6
Khulna,100.86
Kushtia,96.54
Magura,97.13
Meherpur,93.12
Narail,94.7
Satkhira,99.15
Jamalpur,94.76
Mymensingh,96.69
Netrokona,96.17
Sherpur,95.27
Bogura,98.06
Joypurhat,98.56
Naogaon,98.52
Natore,98.18
Chapainawabganj,99.17
Pabna,97.37
Rajshahi,98.49
Sirajganj,98.83
Dinajpur,98.57
Gaibandha,98.05
Kurigram,97.88
Lalmonirhat,98.75
Nilphamari,98.67
Panchagarh,100.05
Rangpur,98.96
Thakurgaon,100.48
Habiganj,94.16
Moulvibazar,92.57
Sunamganj,96.43
Sylhet,96.74
