district,literacy_rate_7plus
Barguna,80.65
Barishal,79.85
Bhola,67.3
Jhalokati,83.21
Patuakhali,76.7
Pirojpur,85.53
Bandarban,63.74
Brahmanbaria,72.12
Chandpur,78.23
Chattogram,81.06
Cumilla,76.68
Cox's Bazar,71.58
Feni,79.05
Khagrachhari,66.14
Lakshmipur,74.54
Noakhali,75.26
Rangamati,71.41
Dhaka,79.96
Faridpur,72.93
Gazipur,81.15
Gopalganj,76.81
Kishoreganj,70.43
Madaripur,74.63
Manikganj,74.64
Munshiganj,79.56
Narayanganj,81.97
Narsingdi,77.65
Rajbari,75.01
Shariatpur,70.61
Tangail,75.73
Bagerhat,74.96
Chuadanga,75.62
Jashore,77.11
Jhenaidah,75.55
Khulna,80.74
Kushtia,77.18
Magura,75.88
Meherpur,74.67
Narail,76.81
Satkhira,75.08
Jamalpur,68.56
Mymensingh,70.96
Netrokona,67.49
Sherpur,68.59
Bogura,73.68
Joypurhat,76.61
Naogaon,71.99
Natore,72.44
Chapainawabganj,70.61
Pabna,75.34
Rajshahi,75.47
Sirajganj,70.95
Dinajpur,75.74
Gaibandha,66.4
Kurigram,64.26
Lalmonirhat,70.51
Nilphamari,68.77
Panchagarh,72.98
Rangpur,70.27
Thakurgaon,74.38
Habiganj,69.44
Moulvibazar,75.85
Sunamganj,64.92
Sylhet,76.43
